metric;prob_higher;prob_lower;subject;mean;stdev
avg_clustering_coeff;1.0;0.0;0.09878142;0.5891864372091391;0.0014842532587383435
global_clustering_coeff;3.5214322124943465e-08;0.9999999647856779;0.129836563;0.06815716568217998;0.01144314463325336
approx_global_clustering_coeff;8.13954759149027e-09;0.9999999918604524;0.132;0.067865;0.011356337747494828
max_eigenvector;1.0;5.1693202442374284e-31;0.1671543154533231;0.6580252079482035;0.04260656812957926
avg_eigenvector;0.997629718041762;0.0023702819582380173;0.0013092381196839488;0.001835207292256277;0.00018623956776938757
