metric;prob_higher;prob_lower;subject;mean;stdev
avg_clustering_coeff;0.0;1.0;0.09878142;0.05957014760443421;0.001046571554939964
global_clustering_coeff;0.0;1.0;0.129836563;0.012647044662497787;0.0006258093682151605
approx_global_clustering_coeff;0.0;1.0;0.132;0.0126675;0.0013446688893964018
max_eigenvector;0.9997794431454753;0.00022055685452468038;0.1671543154533231;0.49905446937080516;0.09444597291091607
avg_eigenvector;0.9999999093940923;9.060590769277377e-08;0.0013092381196839488;0.002582648629268883;0.0002440584546469781
