metric;prob_higher;prob_lower;subject;mean;stdev
avg_clustering_coeff;1.0;0.0;0.0808138449596453;0.6315201991791572;0.0008228822692484713
global_clustering_coeff;0.09383230613162752;0.9061676938683725;0.038338380576656;0.02966103891053979;0.006586121046274292
approx_global_clustering_coeff;0.09241479255621021;0.9075852074437898;0.0387;0.0298155;0.0067000719826628965
max_eigenvector;1.0;1.733190891117837e-178;0.1246735802931361;0.6941380700319904;0.020007918891389767
avg_eigenvector;0.32046392959263403;0.679536070407366;0.00031709502751043136;0.0003015159481702565;3.340269344287656e-05
