metric;output;prob_higher;prob_lower;subject;mean;stdev
avg_clustering_coeff;higher;1.0;1.3974476839060378e-20;0.2774443009015346;0.46372267949966034;0.020189386419915033
global_clustering_coeff;lower;1.9032775355753984e-11;0.9999999999809672;0.3628713373213018;0.2794535110007031;0.012617236595827773
approx_global_clustering_coeff;lower;1.2139822480605744e-10;0.9999999998786018;0.3635;0.279291;0.013300017720168042
max_closeness;higher;0.9999999999972163;2.783682511146685e-12;0.4692104854971304;0.6316773219424171;0.023579055214685826
avg_closeness;higher;1.0;7.042772650497525e-50;0.31184266269984495;0.4255386231987768;0.007680792186196975
max_eigenvector;higher;0.999985525276656;1.4474723344008617e-05;0.200439308936267;0.30405994832716476;0.02478027907347094
avg_eigenvector;higher;1.0;1.5098209540527878e-63;0.052454277819897505;0.05882814849745686;0.00037968265008859597
