metric;output;prob_higher;prob_lower;subject;mean;stdev
avg_clustering_coeff;higher;1.0;0.0;0.188966027;0.5897828597492067;0.0031166111038009063
global_clustering_coeff;lower;0.0;1.0;0.270114657;0.10194989854860888;0.01501974012005855
approx_global_clustering_coeff;lower;0.0;1.0;0.2642;0.1016545;0.015112940967044332
max_closeness;higher;0.9999999930618921;6.938107812234715e-09;0.2182354898128659;0.3690323166510771;0.026572552763970955
avg_closeness;higher;1.0;2.235094972716887e-22;0.10491437711847061;0.21503579391293995;0.011400045376858056
max_eigenvector;higher;0.999999999267254;7.327460295261638e-10;0.1640780617067502;0.5912363610323742;0.07062666820921568
avg_eigenvector;higher;0.9999778374510306;2.2162548969337178e-05;0.0035297134171266053;0.006068596809676836;0.0006217122135772794
