;prob_higher;prob_lower;subject;mean;stdev
avg_clustering_coeff;1.0;0.0;0.159549146;0.5892116275512782;0.002040378536812153
global_clustering_coeff;0.0;1.0;0.204393607;0.08069767143486621;0.013426720960954262
approx_global_clustering_coeff;0.0;1.0;0.1991;0.080522;0.01373126191465461
max_closeness;0.9999963196245051;3.6803754949369173e-06;0.2300704805611943;0.3444572111434389;0.025515774524249565
avg_closeness;0.9999999999999816;1.843431047391467e-14;0.1171182337970943;0.19816801892691824;0.010704461721480688
max_eigenvector;1.0;4.0008888528544605e-17;0.1572056464290773;0.6327495511381952;0.05707978749708221
avg_eigenvector;0.997149862048395;0.0028501379516049983;0.0021553511150036128;0.0031026629070488275;0.0003426649961305781
