metric;output;prob_higher;prob_lower;subject;mean;stdev
avg_clustering_coeff;higher;1.0;0.0;0.086032234;0.3335400310254754;0.00447653650514239
global_clustering_coeff;lower;0.27436911282237586;0.7256308871776241;0.0708834;0.06692881989079749;0.0065947925144510785
approx_global_clustering_coeff;lower;0.5259147837401978;0.47408521625980216;0.0665;0.0669655;0.007161044795476011
max_closeness;higher;0.9999999999993407;6.592462207444956e-13;0.2787294498189803;0.40880350718691744;0.01834003891332062
avg_closeness;higher;1.0;7.498291255159978e-203;0.13118997331678645;0.25551967413885557;0.004094239952366166
max_eigenvector;higher;0.9988279506803831;0.001172049319616935;0.2301849026601715;0.5020921840207403;0.08936170087719485
avg_eigenvector;higher;0.9957092156271805;0.004290784372819475;0.006792327236948179;0.008401334744148548;0.000612188302113873
