metric;statistic;p-value;output
avg_clustering_coeff;0.9951440691947937;0.7708715796470642;Probably not Gaussian
global_clustering_coeff;0.9839832186698914;0.022523708641529083;Probably Gaussian
approx_global_clustering_coeff;0.9855387806892395;0.03843506798148155;Probably Gaussian
max_closeness;0.9825084805488586;0.013661601580679417;Probably Gaussian
avg_closeness;0.9738411903381348;0.0008654588600620627;Probably Gaussian
max_eigenvector;0.9677826166152954;0.0001518000935902819;Probably Gaussian
avg_eigenvector;0.9814939498901367;0.009730180725455284;Probably Gaussian
