metric;statistic;p-value;output
avg_clustering_coeff;0.991515040397644;0.29377755522727966;Probably not Gaussian
global_clustering_coeff;0.9931331872940063;0.4778575897216797;Probably not Gaussian
approx_global_clustering_coeff;0.9951565861701965;0.7726627588272095;Probably not Gaussian
max_closeness;0.9795098304748535;0.005071301478892565;Probably Gaussian
avg_closeness;0.9945652484893799;0.6853084564208984;Probably not Gaussian
max_eigenvector;0.9891802072525024;0.13529916107654572;Probably not Gaussian
avg_eigenvector;0.9918115735054016;0.32256603240966797;Probably not Gaussian
