metric;statistic;p-value;output
avg_clustering_coeff;0.995048463344574;0.7570533156394958;Probably not Gaussian
global_clustering_coeff;0.9888404607772827;0.12043345719575882;Probably not Gaussian
approx_global_clustering_coeff;0.990057110786438;0.18214863538742065;Probably not Gaussian
max_eigenvector;0.9616613984107971;3.0047091058804654e-05;Probably Gaussian
avg_eigenvector;0.9811655282974243;0.008725360967218876;Probably Gaussian
