metric;statistic;p-value;output
avg_clustering_coeff;0.9930738806724548;0.46997690200805664;Probably not Gaussian
global_clustering_coeff;0.9929459691047668;0.45325732231140137;Probably not Gaussian
approx_global_clustering_coeff;0.9932668805122375;0.49588969349861145;Probably not Gaussian
max_closeness;0.9824092984199524;0.013213381171226501;Probably Gaussian
avg_closeness;0.9879670739173889;0.08911985903978348;Probably not Gaussian
max_eigenvector;0.8482287526130676;3.5311494396908505e-13;Probably Gaussian
avg_eigenvector;0.9730185866355896;0.0006773527129553258;Probably Gaussian
