metric;statistic;p-value;output
avg_clustering_coeff;0.9949327111244202;0.7401058673858643;Probably not Gaussian
global_clustering_coeff;0.9935858249664307;0.5403653383255005;Probably not Gaussian
approx_global_clustering_coeff;0.9940279126167297;0.6047517657279968;Probably not Gaussian
max_eigenvector;0.5874888896942139;1.285887199285452e-21;Probably Gaussian
avg_eigenvector;0.9665998220443726;0.00010987339192070067;Probably Gaussian
