metric;statistic;p-value;output
avg_clustering_coeff;5.0357052646846;0.08063256874685382;Probably not Gaussian
global_clustering_coeff;2.7525717387679487;0.25251468604996663;Probably not Gaussian
approx_global_clustering_coeff;0.9685718348045222;0.6161370124316392;Probably not Gaussian
max_closeness;5.5566006268683585;0.062144043058293595;Probably not Gaussian
avg_closeness;0.6125128209086994;0.736197826433715;Probably not Gaussian
max_eigenvector;2.415145212031353;0.2989220009485917;Probably not Gaussian
avg_eigenvector;4.526812523743523;0.10399564435998845;Probably not Gaussian
