metric;statistic;p-value;output
avg_clustering_coeff;0.3732256764439599;0.8297649274695941;Probably not Gaussian
global_clustering_coeff;5.088508783437094;0.07853158395639967;Probably not Gaussian
approx_global_clustering_coeff;3.170812570092402;0.20486454280602542;Probably not Gaussian
max_eigenvector;121.77782525717132;3.599823736764681e-27;Probably Gaussian
avg_eigenvector;6.813593199073469;0.033147214284322046;Probably Gaussian
