metric;statistic;p-value;output
avg_clustering_coeff;0.995347797870636;0.7996402382850647;Probably not Gaussian
global_clustering_coeff;0.9908326268196106;0.23565030097961426;Probably not Gaussian
approx_global_clustering_coeff;0.9914292693138123;0.28585752844810486;Probably not Gaussian
max_closeness;0.9783474802970886;0.003489116672426462;Probably Gaussian
avg_closeness;0.9885113835334778;0.10754632949829102;Probably not Gaussian
max_eigenvector;0.7216304540634155;5.00352164033374e-18;Probably Gaussian
avg_eigenvector;0.949834406375885;1.8188318335887743e-06;Probably Gaussian
